{
  "exp": "exp07_codecs_clasicos",
  "clip": "bouncing_ball",
  "num_frames": 90,
  "resolucion": [
    256,
    256
  ],
  "tabla": [
    {
      "codec": "libx264",
      "crf": 23,
      "bytes": 7724,
      "ratio": 2290.875194199896,
      "PSNR": 40.54923964606391,
      "SSIM": 0.996366016070048,
      "LPIPS": ""
    },
    {
      "codec": "libx264",
      "crf": 35,
      "bytes": 6189,
      "ratio": 2859.05962190984,
      "PSNR": 38.56860016716851,
      "SSIM": 0.9948281645774841,
      "LPIPS": ""
    },
    {
      "codec": "libx265",
      "crf": 23,
      "bytes": 9910,
      "ratio": 1785.5418768920283,
      "PSNR": 40.740230009290904,
      "SSIM": 0.9965811259216732,
      "LPIPS": ""
    },
    {
      "codec": "libx265",
      "crf": 35,
      "bytes": 7934,
      "ratio": 2230.239475674313,
      "PSNR": 38.55991189744737,
      "SSIM": 0.9934732139110565,
      "LPIPS": ""
    }
  ]
}